"BPHIGH","CHD","DIABETES","OBESITY"
0.343152866242038,0.0660390047074647,0.10616727682343,0.336259877085162
